Candidate_13mer,Number_of_matched_variants,Number_of_mismatched_variants_because_of_N,Number_of_mismatched_variants_because_of_unaccepted_mismatch,Number_of_matched_human_genes,Number_of_matched_haploinsufficient_human_genes
AAGAACTTTAAGT,311806,44,179,3627,64
AATGATGCACTCA,310991,530,458,1890,30
AGAACTTTAAGTC,311804,45,180,1914,30
ATGATGCACTCAA,310989,528,218,2365,33
CCATTTGTAGTTT,311370,576,83,2749,37
CGTGTCTTTAGCT,311505,73,451,2240,38
CTCAACATTAAAT,311758,159,110,5591,82
GATTTACTCATTC,309864,1762,403,3222,46
GTAAACAGATTTA,311140,776,110,3220,52
GTACATAATCAGG,310866,676,486,2320,33
GTGTCTTTAGCTA,311904,67,58,1599,28
TAAACAGATTTAA,311155,773,101,5659,98
TGTACATAATCAG,310856,678,495,2764,48
TGTCTTTAGCTAT,311906,66,55,1692,26
